CNPJ_CIA;DT_REFER;VERSAO;DENOM_CIA;QT_ACAO_ORDIN_CAP_INTEGR;QT_ACAO_PREF_CAP_INTEGR;QT_ACAO_TOTAL_CAP_INTEGR;QT_ACAO_ORDIN_TESOURO;QT_ACAO_PREF_TESOURO;QT_ACAO_TOTAL_TESOURO
00.000.000/0001-91;2025-12-31;1;BCO BRASIL S.A.;5730834040;0;5730834040;22370399;0;22370399
00.001.180/0001-26;2025-12-31;1;AXIA ENERGIA S.A.;2028544;886884;2915428;52799;23181;75980
00.070.698/0001-11;2025-12-31;1;COMPANHIA ENERGÉTICA DE BRASÍLIA - CEB;35920890;36161025;72081915;0;0;0
00.080.671/0001-00;2025-12-31;1;CARAMURU ALIMENTOS S.A.;24444000;0;24444000;0;0;0
00.194.724/0001-13;2025-12-31;1;AUREN OPERAÇÕES S.A.;2804265;0;2804265;0;0;0
00.242.184/0001-04;2025-12-31;1;ARMAC LOCAÇÃO, LOGÍSTICA E SERVIÇOS S.A.;346494097;0;346494097;93898;0;93898
00.336.701/0001-04;2025-12-31;1;TELEC BRASILEIRAS S.A. TELEBRAS;83575912;18407491;101983403;193;0;193
00.357.038/0001-16;2025-12-31;1;AXIA ENERGIA NORTE S.A.;168044751;0;168044751;10713;0;10713
00.359.742/0001-08;2025-12-31;2;FASA S.A. - EM RECUPERAÇÃO JUDICIAL;43862205;0;43862205;0;0;0
00.383.281/0001-09;2025-12-31;1;BNDES PARTICIPACOES S.A. - BNDESPAR;1000000;0;1000000;0;0;0
00.389.481/0001-79;2025-12-31;1;LM TRANSPORTES INTERESTADUAIS SERVIÇOS E COMÉRCIO S.A.;212;212;424;0;0;0
00.644.907/0001-93;2025-12-31;1;INVESTCO S.A.;402202;384204;786406;0;0;0
00.743.065/0001-27;2025-12-31;1;LITEL PARTICIPACOES S.A.;215495;0;215495;0;0;0
00.776.574/0001-56;2025-12-31;1;AMERICANAS S.A. - EM RECUPERAÇÃO JUDICIAL;200244998;0;200244998;73;0;73
00.864.214/0001-06;2025-12-31;3;ENERGISA S.A.;975954372;1542412758;2518367130;829922;3319688;4149610
00.873.894/0001-24;2025-12-31;1;LETS RENT A CAR S/A;578986;0;578986;0;0;0
00.897.864/0001-58;2025-12-31;2;SANTA CATARINA PART INVEST SA;200;0;200;0;0;0
00.924.429/0001-75;2025-12-31;1;FERROVIA CENTRO-ATLANTICA S.A.;356005843;19;356005862;0;0;0
00.938.574/0001-05;2025-12-31;1;CONC RIO-TERESOPOLIS S.A.;48786;37680;86466;0;0;0
00.974.211/0001-25;2025-12-31;1;LINHA AMARELA S.A. - LAMSA;212000650;0;212000650;0;0;0
00.979.969/0001-56;2025-12-31;1;CAIXA ADM DIV PUB ESTADUAL SA;4069715169;0;4069715169;0;0;0
01.027.058/0001-91;2025-12-31;1;CIELO S.A. -  INSTITUIÇÃO DE PAGAMENTO;2668174120;0;2668174120;5842;0;5842
01.083.200/0001-18;2025-12-31;1;NEOENERGIA S.A.;1213797248;0;1213797248;0;0;0
01.107.327/0001-20;2025-12-31;2;BBM LOGÍSTICA S.A.;40760818;0;40760818;0;0;0
01.258.944/0001-26;2025-12-31;1;RUMO MALHA SUL S.A.;2773499242863;4219586452044;6993085694907;0;0;0
01.319.044/0001-41;2025-12-31;1;WTC AMAZONAS SUITE HOTEL S.A.;100;0;100;0;0;0
01.417.222/0001-77;2025-12-31;1;MRS LOGISTICA S.A.;187210;150767;337977;0;0;0
01.543.032/0001-04;2025-12-31;1;EQUATORIAL GOIÁS DISTRIBUIDORA DE ENERGIA S.A.;283067254;0;283067254;0;0;0
01.545.826/0001-07;2025-12-31;1;GAFISA S.A.;11162;0;11162;1646;0;1646
01.548.981/0001-79;2025-12-31;1;INVESTIMENTOS BEMGE S.A.;792;1572;2364;0;0;0
01.599.101/0001-93;2025-12-31;2;SEQUOIA LOGÍSTICA E TRANSPORTES S.A.;11984556;0;11984556;0;0;0
01.616.929/0001-02;2025-12-31;1;SANEAMENTO DE GOIAS SA;1866906374;648639993;2515546367;0;0;0
01.637.895/0001-32;2025-12-31;1;VOTORANTIM CIMENTOS S.A.;9225042782;300571428;9525614210;0;0;0
01.838.723/0001-27;2025-12-31;1;BRF S.A.;1592192459;0;1592192459;0;0;0
01.851.771/0001-55;2025-12-31;1;524 PARTICIPACOES S.A.;30116536859;0;30116536859;0;0;0
01.896.779/0001-38;2025-12-31;1;CSU DIGITAL S.A.;41800;0;41800;451;0;451
01.917.818/0001-36;2025-12-31;1;LIGHT ENERGIA S.A.;81503425;0;81503425;77421581;0;77421581
01.938.783/0001-11;2025-12-31;1;CIA PARTICIPACOES ALIANCA DA BAHIA;9317262;8821712;18138974;0;0;0
01.957.772/0001-89;2025-12-31;1;SUL 116 PARTICIPAÇÕES S.A. - EM LIQUIDAÇÃO;83596903;0;83596903;0;0;0
01.968.293/0001-68;2025-12-31;1;ELETRORIVER S.A.;30829941;30829941;61659882;0;0;0
01.989.044/0001-59;2025-12-31;1;WTC RIO EMPREEND. E PARTICIPAÇÕES S.A.;1000;0;1000;0;0;0
02.016.440/0001-62;2025-12-31;1;RGE SUL DISTRIBUIDORA DE ENERGIA S.A.;1125427;0;1125427;0;0;0
02.016.507/0001-69;2025-12-31;1;AXIA ENERGIA SUL S.A.;499362292202;0;499362292202;6540876;0;6540876
02.041.460/0001-93;2025-12-31;1;V. TAL - REDE NEUTRA DE TELECOMUNICAÇÕES S.A.;37964973947;0;37964973947;0;0;0
02.062.747/0001-08;2025-12-31;1;SUDESTE S.A.;7530483602362;0;7530483602362;0;0;0
02.149.205/0001-69;2025-12-31;1;PORTO SEGURO S.A.;646586;0;646586;6226;0;6226
02.171.304/0001-47;2025-12-31;1;FGR INCORPORAÇÕES S.A.;8385516;0;8385516;0;0;0
02.193.750/0001-52;2025-12-31;1;DEXXOS PARTICIPAÇÕES S.A.;116481187;6493280;122974467;1868940;406438;2275378
02.201.787/0001-85;2025-12-31;1;CEL PARTICIPAÇÕES S.A. - CELPAR;2609000;30;2609030;0;0;0
02.217.319/0001-07;2025-12-31;2;YBYRÁ CAPITAL S.A.;59452740;14495;59467235;57121260;8833;57130093
02.255.187/0001-08;2025-12-31;1;UNIFIQUE TELECOMUNICAÇÕES S.A.;399086646;0;399086646;9860102;0;9860102
02.258.422/0001-97;2025-12-31;1;INEPAR EQUIPAMENTOS E MONTAGENS S/A - EM RECUPERACAO JUDICIA;246386;66035;312421;0;0;0
02.281.836/0001-37;2025-12-31;2;TRANSNORDESTINA LOGISTICA SA;114582750;89751232;204333982;0;0;0
02.286.479/0001-08;2025-12-31;1;LOCALIZA FLEET S.A.;637869842;0;637869842;0;0;0
02.291.077/0001-93;2025-12-31;2;PRODUTORES ENERGET.DE MANSO S.A.- PROMAN;100;0;100;0;0;0
02.302.100/0001-06;2025-12-31;1;EDP SÃO PAULO DISTRIBUIÇÃO DE ENERGIA S.A.;39091735;0;39091735;0;0;0
02.302.101/0001-42;2025-12-31;1;EMAE - EMPRESA METROP. DE AGUAS E ENERGIA S.A.;14705;22219;36924;0;22;22
02.328.280/0001-97;2025-12-31;1;ELEKTRO REDES S.A.;91881;101878;193759;0;0;0
02.338.534/0001-58;2025-12-31;1;LONGDIS S.A.;11238268;0;11238268;0;0;0
02.351.144/0001-18;2025-12-31;1;TEGMA GESTAO LOGISTICA S.A.;66002915;65143;66068058;0;0;0
02.351.877/0001-52;2025-12-31;1;LWSA S/A;568561350;0;568561350;18129533;0;18129533
02.357.251/0001-53;2025-12-31;1;LIFEMED INDUSTRIAL DE EQUIP. E ART. MEDICOS E HOSP. S.A;2576438;0;2576438;0;0;0
02.365.069/0001-44;2025-12-31;1;PADTEC HOLDING S.A.;79469626;0;79469626;0;0;0
02.382.073/0001-10;2025-12-31;1;PROLAGOS S/A - CONC.DE SERVICOS PÚBLICOS DE ÁGUA E ESGOTO;342985643;0;342985643;0;0;0
02.387.241/0001-60;2025-12-31;1;RUMO S.A.;1858828617;0;1858828617;3042509;0;3042509
02.397.080/0001-96;2025-12-31;1;ITAPEBI GERACAO DE ENERGIA S.A.;85060;0;85060;0;0;0
02.421.421/0001-11;2025-12-31;1;TIM S.A.;2392125889;0;2392125889;3457567;0;3457567
02.429.144/0001-93;2025-12-31;1;CPFL ENERGIA S.A.;1152254440;0;1152254440;0;0;0
02.451.848/0001-62;2025-12-31;1;CONC SIST ANHANG-BANDEIRANT S.A. AUTOBAN;175000000;0;175000000;0;0;0
02.474.103/0001-19;2025-12-31;2;ENGIE BRASIL ENERGIA S.A.;1142298836;0;1142298836;0;0;0
02.502.844/0001-66;2025-12-31;1;RUMO MALHA PAULISTA S.A.;3389672517622;6267908826998;9657581344620;0;0;0
02.509.491/0001-26;2025-12-31;1;CONC ECOVIAS IMIGRANTES S.A.;262452;0;262452;0;0;0
02.536.066/0001-26;2025-12-31;2;VITAL ENGENHARIA AMBIENTAL S.A.;7679125;3347935;11027060;0;0;0
02.558.157/0001-62;2025-12-31;1;TELEFÔNICA BRASIL S.A;3226546622;0;3226546622;30940270;0;30940270
02.560.878/0001-07;2025-12-31;1;HOSPITAL ANCHIETA S.A.;62783;0;62783;0;0;0
02.591.787/0001-39;2025-12-31;1;CAPITALPART PARTICIPACOES S.A.;993;1984;2977;0;0;0
02.600.854/0001-34;2025-12-31;1;TIM BRASIL SERVIÇOS E PARTICIPAÇÕES S.A.;15865086849;0;15865086849;0;0;0
02.635.522/0001-95;2025-03-31;1;JALLES MACHADO S.A.;303541864;0;303541864;1994200;0;1994200
02.762.121/0001-04;2025-12-31;1;SANTOS BRASIL PARTICIPACOES S.A.;851018;0;851018;0;0;0
02.762.124/0001-30;2025-12-31;1;BETAPART PARTICIPACOES S.A.;2761620;0;2761620;0;0;0
02.796.775/0001-40;2025-12-31;1;GAMA PARTICIPACOES S.A.;1935716;0;1935716;0;0;0
02.800.026/0001-40;2025-12-31;2;COGNA EDUCAÇÃO S.A.;2064266831;0;2064266831;68678656;0;68678656
02.846.056/0001-97;2025-12-31;1;MOTIVA INFRAESTRUTURA DE MOBILIDADE S.A.;2020000000;0;2020000000;9512335;0;9512335
02.860.694/0001-62;2025-12-31;1;T4F ENTRETENIMENTO S.A.;6741262;0;6741262;0;0;0
02.916.265/0001-60;2025-12-31;1;JBS S.A.;2218116370;0;2218116370;0;0;0
02.919.555/0001-67;2025-12-31;2;ARTERIS S.A.;760338900;0;760338900;0;0;0
02.932.074/0001-91;2025-12-31;1;HYPERA S.A.;633420823;0;633420823;467311;0;467311
02.950.811/0001-89;2025-12-31;1;PDG REALTY S.A. EMPREEND E PARTICIPACOES;3287;0;3287;0;0;0
02.992.449/0001-09;2025-12-31;1;PROMPT PARTICIPACOES S.A.;41755137226;0;41755137226;0;0;0
02.998.301/0001-81;2025-12-31;2;RIO PARANAPANEMA ENERGIA S.A.;31477761;62955522;94433283;0;0;0
02.998.611/0001-04;2025-12-31;1;ISA ENERGIA BRASIL;257937732;400945572;658883304;0;0;0
03.014.553/0001-91;2025-12-31;1;TPI - TRIUNFO PARTICIP. E INVEST. S.A.;44000;0;44000;623;0;623
03.025.305/0001-46;2025-12-31;1;RODOVIAS DAS COLINAS S.A.;74220;0;74220;0;0;0
03.207.703/0001-83;2025-12-31;1;CONCESSIONARIA DE RODOVIAS DO INTERIOR PAULISTA S/A;4763110;0;4763110;0;0;0
03.220.438/0001-73;2025-12-31;2;EQUATORIAL S.A.;1259019797;0;1259019797;895716;0;895716
03.279.285/0001-30;2025-12-31;1;ORIZON MEIO AMBIENTE S.A.;3510;0;3510;0;0;0
03.303.999/0001-36;2025-12-31;1;DTCOM - DIRECT TO COMPANY S.A.;10680489;450642;11131131;0;0;0
03.342.704/0001-30;2025-12-31;1;PETRORECÔNCAVO S.A.;293472126;0;293472126;494198;0;494198
03.378.521/0001-75;2025-12-31;1;LIGHT S.A. - EM RECUPERAÇÃO JUDICIAL;372555324;0;372555324;0;0;0
03.467.321/0001-99;2025-12-31;1;ENERGISA MATO GROSSO-DISTRIBUIDORA DE ENERGIA S/A;75529774;143412165;218941939;0;0;0
03.538.833/0001-07;2025-12-31;1;XX DE NOVEMBRO INVESTIMENTOS E PARTICIPAÇÕES S.A.;451303226;0;451303226;0;0;0
03.758.318/0001-24;2025-12-31;1;INVESTIMENTOS E PARTICIP. EM INFRA S.A. - INVEPAR;143057124;286114248;429171372;0;0;0
03.820.456/0001-96;2025-12-31;1;BSB ENERGÉTICA S.A.;3028501;0;3028501;0;0;0
03.847.461/0001-92;2025-12-31;1;BRADESPAR S.A.;137990;255107;393097;0;0;0
03.853.896/0001-40;2025-12-31;1;MARFRIG GLOBAL FOODS S.A.;1437644362;0;1437644362;28851344;0;28851344
03.983.431/0001-03;2025-12-31;1;EDP - ENERGIAS DO BRASIL S.A.;794885;0;794885;0;0;0
04.030.182/0001-02;2025-12-31;1;CABINDA PARTICIPACOES S.A.;2548000;5096000;7644000;0;0;0
04.031.213/0001-31;2025-12-31;2;CACONDE PARTICIPACOES S.A.;794212;1588542;2382754;0;0;0
04.032.433/0001-80;2025-12-31;1;CONTAX PARTICIPAÇÕES S.A. - EM RECUPERAÇÃO JUDICIAL;26710356;0;26710356;0;0;0
04.038.763/0001-82;2025-12-31;1;CAIANDA PARTICIPACOES S.A.;776869;1553254;2330123;0;0;0
04.065.053/0001-41;2025-12-31;1;BRZ EMPREENDIMENTOS E CONSTRUÇÕES S.A.;15000000;0;15000000;0;0;0
04.069.709/0001-02;2025-12-31;1;BIONEXO S.A.;1880253530;0;1880253530;0;0;0
04.089.570/0001-50;2025-12-31;1;ÁGUAS GUARIROBA S.A;331012035;0;331012035;0;0;0
04.149.454/0001-80;2025-12-31;1;ECORODOVIAS INFRAESTRUTURA E LOGÍSTICA S.A.;696334;0;696334;713;0;713
04.172.213/0001-51;2025-12-31;1;CIA PIRATININGA DE FORCA E LUZ;53096770180;0;53096770180;0;0;0
04.212.396/0001-91;2025-12-31;1;VOKE S.A.;27123015;0;27123015;0;0;0
04.368.865/0001-66;2025-12-31;1;LIGGA TELECOMUNICAÇÕES S.A.;749146899;0;749146899;0;0;0
04.368.898/0001-06;2025-12-31;1;COPEL DISTRIBUIÇÃO S.A.;5372205949;0;5372205949;0;0;0
04.370.282/0001-70;2025-12-31;1;COPEL GERAÇÃO E TRANSMISSÃO S.A.;6842757424;0;6842757424;0;0;0
04.423.567/0001-21;2025-12-31;1;ENEVA S.A;1936974;0;1936974;21169;0;21169
04.601.397/0001-28;2025-12-31;1;BRISANET SERVIÇOS DE TELECOMUNICAÇÕES S.A.;438007537;0;438007537;0;0;0
04.626.426/0001-06;2025-12-31;1;BTG PACTUAL COMMODITIES SERTRADING S.A.;11046094622;0;11046094622;0;0;0
04.739.720/0001-24;2025-12-31;1;USINA TERMELÉTRICA PAMPA SUL S.A.;1268041000;0;1268041000;0;0;0
04.752.991/0001-10;2025-12-31;1;BIOMM S.A.;136841532;0;136841532;0;0;0
04.821.041/0001-08;2025-12-31;1;METALFRIO SOLUTIONS S.A.;6382377;0;6382377;0;0;0
04.895.728/0001-80;2025-12-31;1;EQUATORIAL PARÁ DISTRIBUIDORA DE ENERGIA S.A.;2204620569;4453438;2209074007;0;0;0
04.902.979/0001-44;2025-12-31;1;BCO AMAZONIA S.A.;56058315;0;56058315;0;0;0
04.912.242/0001-02;2025-12-31;1;PORTUENSE FERRAGENS S/A;24;5;29;0;0;0
04.913.711/0001-08;2025-12-31;1;BCO ESTADO DO PARA S.A.;9521649;0;9521649;0;0;0
04.972.092/0001-22;2025-12-31;1;GRUPO FARTURA DE HORTIFRUT S.A.;2781220;0;2781220;0;0;0
04.986.320/0001-13;2025-12-31;1;SER EDUCACIONAL S.A.;128721560;0;128721560;1106923;0;1106923
04.992.714/0001-84;2025-12-31;1;NOVA TRANSPORTADORA DO SUDESTE S.A. - NTS;2312328578;0;2312328578;0;0;0
05.197.443/0001-38;2025-12-31;1;HAPVIDA PARTICIPAÇÕES E INVESTIMENTOS S.A.;502630884;0;502630884;27905027;0;27905027
05.336.882/0001-84;2025-12-31;1;CACHOEIRA PAULISTA TRANSMISSORA ENERGIA S.A.;20000;0;20000;0;0;0
05.878.397/0001-32;2025-12-31;1;ALLOS S.A.;504190947;0;504190947;5010167;0;5010167
05.917.486/0001-40;2025-12-31;1;LIVETECH DA BAHIA INDÚSTRIA E COMÉRCIO S.A.;63461;0;63461;0;0;0
06.047.087/0001-39;2025-12-31;1;REDE D'OR SÃO LUIZ S.A.;2289292590;0;2289292590;82882567;0;82882567
06.057.223/0001-71;2025-12-31;1;SENDAS DISTRIBUIDORA S.A.;1353497;0;1353497;11789;0;11789
06.164.253/0001-87;2025-12-31;2;GOL LINHAS AEREAS INTELIGENTES S.A.;8196784982987;969160400803;9165945383790;2109;0;2109
06.267.630/0001-03;2025-09-30;1;COMPANHIA BRASILEIRA DE EDUCAÇÃO E SISTEMA DE ENSINO S.A.;1555233524;0;1555233524;0;0;0
06.272.793/0001-84;2025-12-31;1;EQUATORIAL MARANHÃO DISTRIBUIDORA DE ENERGIA S.A.;161318939;2864960;164183899;0;0;0
06.347.409/0001-65;2025-12-31;1;SBF COMÉRCIO DE PRODUTOS ESPORTIVOS S.A.;4809277645;0;4809277645;0;0;0
06.626.253/0001-51;2025-12-31;1;EMPREENDIMENTOS PAGUE MENOS S.A.;662673160;0;662673160;3065072;0;3065072
06.977.745/0001-91;2025-12-31;1;BR MALLS PARTICIPACOES S.A.;819720494;0;819720494;0;0;0
06.981.176/0001-58;2025-12-31;2;CEMIG GERACAO E TRANSMISSAO S.A.;2896785;0;2896785;0;0;0
06.981.180/0001-16;2025-12-31;1;CEMIG DISTRIBUICAO S.A.;2359113;0;2359113;0;0;0
06.981.381/0001-13;2025-03-31;1;CTC - CENTRO DE TECNOLOGIA CANAVIEIRA S.A.;320748000;0;320748000;0;0;0
07.040.108/0001-57;2025-12-31;1;CAGECE - CIA DE AGUA E ESGOTO DO CEARA;51879729;15650;51895379;4;1;5
07.043.628/0001-13;2025-12-31;1;CLARO TELECOM PARTICIPAÇÕES S.A.;251307343;0;251307343;0;0;0
07.047.251/0001-70;2025-12-31;1;CIA ENERGETICA DO CEARA - COELCE;53402024;32899995;86302019;0;0;0
07.119.838/0001-48;2025-12-31;1;SECME - COMPANHIA SECURITIZADORA DE CRÉDITOS IMOBILIÁRIOS;616708;0;616708;0;0;0
07.206.816/0001-15;2025-12-31;1;M.DIAS BRANCO S.A. IND COM DE ALIMENTOS;339000000;0;339000000;3616747;0;3616747
07.237.373/0001-20;2025-12-31;1;BCO NORDESTE DO BRASIL S.A.;98700;0;98700;0;0;0
07.253.321/0001-47;2025-12-31;1;CARBOMIL SA MINER. E INDUSTRIA;155;66;221;0;0;0
07.275.159/0001-68;2025-12-31;1;PETROLEO LUB DO NORDESTE SA;496;1675;2171;0;79;79
07.282.377/0001-20;2025-12-31;1;ENERGISA SUL-SUDESTE - DISTRIBUIDORA DE ENERGIA S/A;97112;0;97112;0;0;0
07.334.600/0001-35;2025-12-31;1;MARINA DE IRACEMA PARK SA;95244;1317;96561;0;0;0
07.401.436/0001-31;2025-12-31;1;ELDORADO BRASIL CELULOSE S.A.;1525558419;0;1525558419;0;0;0
07.415.333/0001-20;2025-12-31;1;SIMPAR S.A.;873040533;0;873040533;19445017;0;19445017
07.526.557/0001-00;2025-12-31;1;AMBEV S.A.;15761639;0;15761639;145113;0;145113
07.594.978/0001-78;2025-12-31;1;SMARTFIT ESCOLA DE GINÁSTICA E DANÇA S.A.;597250053;0;597250053;2788;0;2788
07.628.528/0001-59;2025-06-30;1;BRASILAGRO - CIA BRAS DE PROP AGRICOLAS;102683444;0;102683444;3067987;0;3067987
07.636.657/0001-99;2025-12-31;1;AÇO VERDE DO BRASIL S.A;10317450;659115;10976565;0;0;0
07.659.538/0001-51;2025-12-31;1;DINAMICA ENERGIA S.A.;334424;0;334424;0;0;0
07.682.638/0001-07;2025-12-31;1;CONCESSIONÁRIA DA LINHA 4 DO METRÔ DE SÃO PAULO S.A.;74803571;74803571;149607142;0;0;0
07.689.002/0001-89;2025-12-31;1;EMBRAER S.A.;740465;0;740465;17699;0;17699
07.714.104/0001-07;2025-12-31;1;GIGA MAIS FIBRA TELECOMUNICAÇÕES S.A.;150442670;0;150442670;0;0;0
07.802.794/0001-56;2025-12-31;1;ESSENTIA PCHS S.A.;22000000;0;22000000;0;0;0
07.816.890/0001-53;2025-12-31;1;MULTIPLAN - EMPREEND IMOBILIARIOS S.A.;513163701;0;513163701;23835034;0;23835034
07.820.907/0001-46;2025-12-31;1;FICA EMPREENDIMENTOS IMOBILIÁRIOS S.A.;2422153;0;2422153;0;0;0
07.823.262/0001-03;2025-12-31;1;FOZ DO RIO CLARO ENERGIA S.A.;67717178;40991800;108708978;0;0;0
07.857.093/0001-14;2025-12-31;1;AURA MINERALS INC.;83554346;0;83554346;0;0;0
07.859.971/0001-30;2025-12-31;1;TRANSMISSORA ALIANÇA DE ENERGIA ELÉTRICA S.A.;590714;442783;1033497;0;0;0
07.882.930/0001-65;2025-12-31;1;MITRE REALTY EMPREENDIMENTOS E PARTICIPAÇÕES S.A.;105774820;0;105774820;0;0;0
08.065.557/0001-12;2025-12-31;1;TECNISA S.A.;73619;0;73619;0;0;0
08.070.508/0001-78;2025-03-31;1;RAIZEN ENERGIA S.A.;22322879019;0;22322879019;0;0;0
08.078.847/0001-09;2025-12-31;1;LPS BRASIL - CONSULTORIA DE IMOVEIS S.A.;147555;0;147555;10267;0;10267
08.100.057/0001-74;2025-12-31;1;TECNOGERA-LOCAÇÃO E TRANSFORMAÇÃO DE ENERGIA S.A.;39352389;1000;39353389;0;0;0
08.159.965/0001-33;2025-12-31;1;IGUA SANEAMENTO S.A.;558176805;0;558176805;1552634;0;1552634
08.170.849/0001-15;2025-12-31;1;DESKTOP S.A.;115965768;0;115965768;12471;0;12471
08.213.823/0001-07;2025-12-31;1;AURA ALMAS MINERAÇÃO S.A.;137909166;0;137909166;0;0;0
08.262.121/0001-13;2025-12-31;1;ALUBAR METAIS E CABOS S.A.;87114193;0;87114193;0;0;0
08.294.224/0001-65;2025-12-31;1;JHSF PARTICIPACOES S.A.;681322756;0;681322756;15043952;0;15043952
08.312.229/0001-73;2025-12-31;1;EZ TEC EMPREEND. E PARTICIPACOES S.A.;281000000;0;281000000;3640973;0;3640973
08.322.396/0001-03;2025-03-31;1;CERRADINHO BIOENERGIA S.A.;458277128;0;458277128;0;0;0
08.324.196/0001-81;2025-12-31;1;CIA ENERGETICA DO RIO GDE NORTE - COSERN;167165;0;167165;0;0;0
08.343.492/0001-20;2025-12-31;1;MRV ENGENHARIA E PARTICIPACOES S.A.;562827;0;562827;1;0;1
08.364.948/0001-38;2025-12-31;1;ALUPAR INVESTIMENTO S/A;671494278;317386323;988880601;0;0;0
08.397.078/0001-01;2025-12-31;1;GSH CORP PARTICIPAÇÕES S.A.;229371078;44986603;274357681;0;374674;374674
08.402.943/0001-52;2025-12-31;1;GUARARAPES CONFECCOES S.A.;500058238;0;500058238;2560;0;2560
08.424.178/0001-71;2025-12-31;2;TECBLU TECELAGEM BLUMENAU S.A.;180894;1025897;1206791;0;0;0
08.439.659/0001-50;2025-12-31;1;CPFL ENERGIAS RENOVÁVEIS S.A.;593782504;0;593782504;0;0;0
08.467.115/0001-00;2025-12-31;1;CIA ESTADUAL DE DISTRIB ENER ELET-CEEE-D;68090916;164014;68254930;0;0;0
08.534.605/0001-74;2025-12-31;1;RENOVA ENERGIA S.A.;310743613;62370987;373114600;0;0;0
08.560.444/0001-93;2025-12-31;1;CIA CELG DE PARTICIPACOES - CELGPAR;79676;0;79676;0;0;0
08.574.411/0001-00;2025-12-31;1;PRÁTICA PRODUTOS S.A.;3355031;0;3355031;0;0;0
08.613.550/0001-98;2025-12-31;1;NEXPE PARTICIPAÇÕES S.A;2655569;0;2655569;0;0;0
08.764.621/0001-53;2025-12-31;1;GENERAL SHOPPING E OUTLETS DO BRASIL BRASIL S.A.;1928769;0;1928769;53431;0;53431
08.795.211/0001-70;2025-12-31;1;MAESTRO LOCADORA DE VEICULOS S.A.;26009820;0;26009820;0;0;0
08.797.760/0001-83;2025-12-31;1;CURY CONSTRUTORA E INCORPORADORA S.A.;308047594;0;308047594;0;0;0
08.801.621/0001-86;2025-12-31;1;SYN PROP & TECH S.A.;152644;0;152644;0;0;0
08.807.432/0001-10;2025-12-31;1;YDUQS PARTICIPACOES S.A.;274089;0;274089;10535;0;10535
08.811.643/0001-27;2025-12-31;1;TRISUL S.A.;242618;0;242618;9100;0;9100
08.822.767/0001-08;2025-12-31;1;CONCESSIONÁRIA DA RODOVIA MG-050 S.A.;1614737;0;1614737;0;0;0
08.827.501/0001-58;2025-12-31;2;AEGEA SANEAMENTO E PARTICIPAÇÕES S.A.;732464394;310300113;1042764507;0;0;0
08.845.676/0001-98;2025-12-31;1;CORPÓREOS - SERVIÇOS TERAPÊUTICOS S.A.;1595023722;0;1595023722;0;0;0
08.873.873/0001-10;2025-12-31;1;ECORODOVIAS CONCESSÕES E SERVIÇOS S.A.;2899396;0;2899396;0;0;0
08.902.291/0001-15;2025-12-31;2;CSN MINERAÇÃO S.A.;54320445380;0;54320445380;53294297;0;53294297
08.926.302/0001-05;2025-12-31;1;PRIO FORTE S.A.;6342218160;0;6342218160;0;0;0
08.935.054/0001-50;2025-12-31;1;MULTINER S/A;7877740;6843557;14721297;0;0;0
09.041.168/0001-10;2025-12-31;1;LOG COMMERCIAL PROPERTIES E PARTICIPAÇÕES;87859;0;87859;434;0;434
09.042.817/0001-05;2025-12-31;1;BEMOBI MOBILE TECH S.A.;85608392;0;85608392;0;0;0
09.053.134/0001-45;2025-12-31;1;ELFA MEDICAMENTOS S.A.;615270107;0;615270107;0;0;0
09.054.385/0001-44;2025-12-31;1;INBRANDS S.A.;138452514;0;138452514;0;0;0
09.074.183/0001-64;2025-12-31;1;TRANSBRASILIANA CONCESSIONÁRIA DE RODOVIA S.A;428071;0;428071;0;0;0
09.095.183/0001-40;2025-12-31;1;ENERGISA PARAÍBA - DISTRIBUIDORA DE ENERGIA S/A;1047489;0;1047489;0;0;0
09.112.685/0001-32;2025-12-31;1;OSX BRASIL S.A. - EM RECUPERAÇÃO JUDICIAL;3148038;0;3148038;0;0;0
09.114.805/0001-30;2025-12-31;1;OCEANPACT SERVIÇOS MARITIMOS S.A.;199959554;0;199959554;612201;0;612201
09.146.451/0001-06;2025-12-31;1;KALLAS INCORPORAÇÕES E CONSTRUÇÕES S.A.;152183;0;152183;0;0;0
09.149.503/0001-06;2025-12-31;1;SERENA GERAÇÃO S.A.;200274405;0;200274405;0;0;0
09.229.201/0001-30;2025-12-31;1;GPS PARTICIPAÇÕES E EMPREENDIMENTOS S.A.;750009979;0;750009979;0;0;0
09.257.877/0001-37;2025-12-31;1;FERROVIA NORTE SUL S/A;1835966791;0;1835966791;0;0;0
09.288.252/0001-32;2025-12-31;2;ANIMA HOLDING S.A.;403868805;0;403868805;26008863;0;26008863
09.295.063/0001-97;2025-12-31;1;TECHNOS S.A.;60906215;0;60906215;18588;0;18588
09.304.427/0001-58;2025-12-31;1;HABITASEC SECURITIZADORA SA;900000;0;900000;0;0;0
09.305.994/0001-29;2025-12-31;3;AZUL S.A.;2128965121;896039753;3025004874;0;88679;88679
09.313.969/0001-97;2025-12-31;1;AUTOPISTA LITORAL SUL;4158155555;0;4158155555;0;0;0
09.324.949/0001-11;2025-12-31;1;AUTOPISTA FLUMINENSE SA;658918293;0;658918293;0;0;0
09.325.109/0001-73;2025-12-31;1;AUTOPISTA PLANALTO SUL SA;1721076003;0;1721076003;0;0;0
09.326.342/0001-70;2025-12-31;1;AUTOPISTA FERNÃO DIAS SA;2962381424;0;2962381424;0;0;0
09.336.431/0001-06;2025-12-31;1;AUTOPISTA REGIS BITTENCOURT SA;747759759;0;747759759;0;0;0
09.346.601/0001-25;2025-12-31;1;B3 S.A. - BRASIL, BOLSA, BALCÃO;5266500000;0;5266500000;231938708;0;231938708
09.359.927/0001-97;2025-12-31;1;ASA BRANCA HOLDING S.A.;64042606;0;64042606;0;0;0
09.391.823/0001-60;2025-12-31;1;AXIA ENERGIA UHE SANTO ANTÔNIO S.A.;1801134793836;0;1801134793836;0;0;0
09.538.973/0001-53;2025-12-31;1;PDG COMPANHIA SECURITIZADORA;844;0;844;0;0;0
09.584.854/0001-37;2025-12-31;1;MANAUS TRANSMISSORA DE ENERGIA S.A;1255333123;0;1255333123;0;0;0
09.611.768/0001-76;2025-12-31;1;INC EMPREENDIMENTOS IMOBILIÁRIOS S.A.;86885350;0;86885350;0;0;0
09.625.321/0001-56;2025-12-31;2;NORTE BRASIL TRANSMISSORA DE ENERGIA S.A.;1687300000;0;1687300000;0;0;0
09.813.204/0001-16;2025-12-31;1;W2W E-COMMERCE DE VINHOS S.A.;108655567;0;108655567;0;0;0
10.139.870/0001-08;2025-12-31;1;NEOGRID PARTICIPAÇÕES S.A.;9140944;0;9140944;185696;0;185696
10.158.356/0001-01;2025-12-31;1;CPX DISTRIBUIDORA S.A.;57312220;0;57312220;0;0;0
10.234.027/0001-00;2025-12-31;1;LINHAS DE MACAPÁ TRANSMISSORA DE ENERGIA S/A;667013209;0;667013209;0;0;0
10.240.186/0001-00;2025-12-31;1;LINHAS DE XINGU TRANSMISSORA DE ENERGIA S/A;632529094;0;632529094;0;0;0
10.319.900/0001-50;2025-12-31;1;REGENERA RIO S.A.;85000273;0;85000273;0;0;0
10.324.624/0001-18;2025-12-31;1;CONCESSÃO METROVIÁRIA DO RIO DE JANEIRO S.A.;1614671591;0;1614671591;0;0;0
10.338.320/0001-00;2025-12-31;1;AFLUENTE TRANSMISSÃO DE ENERGIA ELÉTRICA S/A;63085;0;63085;0;0;0
10.488.244/0001-19;2025-12-31;1;INFRASEC SECURITIZADORA S.A.;1000;0;1000;0;0;0
10.502.676/0001-37;2025-12-31;1;TERMELÉTRICA PERNAMBUCO III S.A.;26162998;0;26162998;0;0;0
10.531.501/0001-58;2025-12-31;1;CONC AUTO RAPOSO TAVARES S.A.;6301299488;6301299487;12602598975;0;0;0
10.571.175/0001-02;2025-12-31;1;URBA DESENVOLVIMENTO URBANO S.A.;146922;0;146922;336;0;336
10.629.105/0001-68;2025-12-31;1;PRIO S.A.;869455788;0;869455788;59533057;0;59533057
10.635.691/0001-53;2025-12-31;1;VIARONDON CONCESSIONÁRIA DE RODOVIA S.A.;249500;249500;499000;0;0;0
10.647.979/0001-48;2025-12-31;1;CONC ROTA DAS BANDEIRAS S.A.;278399525;278399525;556799050;0;0;0
10.678.505/0001-63;2025-12-31;1;CONC RODOVIAS DO TIETÊ S.A.;192172858255;0;192172858255;0;0;0
10.739.356/0001-03;2025-12-31;1;BRBI BR PARTNERS S.A;200546184;114440928;314987112;0;0;0
10.760.260/0001-19;2025-12-31;1;CVC BRASIL OPERADORA E AGÊNCIA DE VIAGENS S.A.;525591097;0;525591097;4792509;0;4792509
10.807.374/0001-77;2025-12-31;2;BOA SAFRA SEMENTES S.A.;141902688;0;141902688;840790;0;840790
10.835.932/0001-08;2025-12-31;1;CIA ENERGETICA DE PERNAMBUCO - CELPE;121618;7648;129266;0;0;0
10.841.050/0001-55;2025-12-31;1;CONC ROD AYRTON SENNA E CARV PINTO S.A.-ECOPISTAS;287665;0;287665;0;0;0
11.284.204/0001-18;2025-12-31;1;YOU INC INCORPORADORA E PARTICIPAÇÕES S.A;35070;0;35070;0;0;0
11.421.994/0001-36;2025-12-31;1;ORIZON VALORIZAÇÃO DE RESÍDUOS S.A.;96127;0;96127;0;0;0
11.721.921/0001-60;2025-12-31;1;ALPER CONSULTORIA E CORRETORA DE SEGUROS S.A.;23808723;0;23808723;0;0;0
11.992.680/0001-93;2025-12-31;1;QUALICORP CONSULTORIA E CORRETORA DE SEGUROS S.A.;284014325;0;284014325;891867;0;891867
12.049.631/0001-84;2025-12-31;1;MOURA DUBEUX ENGENHARIA S/A;84909375;0;84909375;426382;0;426382
12.091.809/0001-55;2025-12-31;1;BRAVA ENERGIA S.A.;464557268;0;464557268;14166;0;14166
12.104.241/0004-02;2025-12-31;1;ONCOCLÍNICAS DO BRASIL SERVIÇOS MÉDICOS S.A.;1132929494;0;1132929494;14727103;0;14727103
12.108.897/0001-50;2025-12-31;2;D1000 VAREJO FARMA PARTICIPAÇÕES S.A.;50603;0;50603;0;0;0
12.181.987/0001-77;2025-12-31;1;MELNICK DESENVOLVIMENTO IMOBILIÁRIO S.A.;206269341;0;206269341;752289;0;752289
12.300.288/0001-07;2025-12-31;2;NORTE ENERGIA S.A.;13396000;0;13396000;0;0;0
12.420.164/0001-57;2025-12-31;2;CM HOSPITALAR S.A;322820608;0;322820608;7012300;0;7012300
12.489.315/0001-23;2025-12-31;2;FERREIRA GOMES ENERGIA S.A.;807080529;0;807080529;0;0;0
12.528.708/0001-07;2025-12-31;1;AERIS IND. E COM. DE EQUIP. PARA GER. DE ENG. S.A.;62120196;0;62120196;732772;0;732772
12.592.831/0001-89;2025-12-31;1;MNLT S.A.;2260490292;10;2260490302;0;0;0
12.648.327/0001-53;2025-12-31;1;HIDROVIAS DO BRASIL S.A.;1360382;0;1360382;0;0;0
13.009.717/0001-46;2025-12-31;1;BCO ESTADO DE SERGIPE S.A. - BANESE;10774114;10774114;21548228;0;0;0
13.017.462/0001-63;2025-12-31;1;ENERGISA SERGIPE - DISTRIBUIDORA DE ENERGIA S/A;195509;0;195509;0;0;0
13.217.485/0001-11;2025-12-31;1;GRUPO SBF S.A.;230265713;0;230265713;14289617;0;14289617
13.270.520/0001-66;2025-12-31;1;KORA SAÚDE PARTICIPAÇÕES S.A.;77334806;0;77334806;430063;0;430063
13.444.994/0001-87;2025-12-31;1;MLOG S.A.;2306;0;2306;0;0;0
13.574.594/0001-96;2025-12-31;1;ZAMP SA;406934395;0;406934395;8010152;0;8010152
13.783.221/0004-78;2025-12-31;1;MADERO INDÚSTRIA E COMÉRCIO S.A.;314820171;31541101;346361272;0;0;0
14.110.585/0001-07;2025-12-31;1;MÉLIUZ S.A.;113222554;0;113222554;0;0;0
14.127.813/0001-51;2025-12-31;1;ARANDU INVESTIMENTOS S.A.;140991806;0;140991806;191719;0;191719
14.292.540/0001-09;2025-12-31;1;BRAZIL TOWER, CESSÃO DE INFRA-ESTRUTURAS S.A;328808182;0;328808182;0;0;0
14.388.334/0001-99;2025-12-31;1;PARANA BCO S.A.;2340020750;908928142;3248948892;0;0;0
14.776.142/0001-50;2025-12-31;2;WESTWING COMÉRCIO VAREJISTA S.A.;11109348;0;11109348;0;0;0
14.785.152/0001-51;2025-12-31;1;HBR REALTY EMPREENDIMENTOS IMOBILIÁRIOS S.A.;103188981;0;103188981;222573;0;222573
14.807.945/0001-24;2025-12-31;1;SANSUY S.A. INDUSTRIA DE PLASTICOS;2657920;5058480;7716400;0;0;0
14.876.090/0001-93;2025-12-31;1;GAIA IMPACTO SECURITIZADORA S.A.;1500;0;1500;0;0;0
14.882.295/0001-81;2025-12-31;1;CBO HOLDING S.A.;138622434;0;138622434;0;0;0
14.998.371/0001-19;2025-12-31;1;J. MACEDO S.A.;19;0;19;0;0;0
15.073.274/0001-88;2025-12-31;1;PPLA PARTICIPATIONS LTD.;2814666;1;2814667;0;0;0
15.090.690/0001-94;2025-12-31;1;CONCESSIONARIA ECOVIAS DO ARAGUAIA S.A.;1922551;0;1922551;0;0;0
15.114.494/0001-02;2025-12-31;1;CORREDOR LOGÍSTICA E INFRAESTRUTURA S.A.;164955410;11239603;176195013;0;0;0
15.115.504/0001-24;2025-12-31;1;TRONOX PIGMENTOS DO BRASIL S.A.;10158398;18860349;29018747;0;0;0
15.139.629/0001-94;2025-12-31;1;CIA ELETRICIDADE EST. DA BAHIA - COELBA;151998;110098;262096;0;0;0
15.141.799/0001-03;2025-12-31;1;CIA FERRO LIGAS DA BAHIA - FERBASA;117725000;235450000;353175000;125000;14182400;14307400
15.385.166/0001-40;2025-12-31;1;EQUIPAV SANEAMENTO S.A.;963989061;0;963989061;0;0;0
15.413.826/0001-50;2025-12-31;1;ENERGISA MATO GROSSO DO SUL - DIST DE ENERGIA S.A.;647015;0;647015;0;0;0
15.440.708/0001-30;2025-12-31;1;CONCESSIONÁRIA VIARIO S.A.;355432206;0;355432206;0;0;0
15.484.093/0001-44;2025-12-31;1;ECO101 CONCESSIONÁRIA DE RODOVIAS S.A.;2155829;0;2155829;0;0;0
15.578.569/0001-06;2025-12-31;2;CONC DO AEROPORTO INTERNACIONAL DE GUARULHOS S.A.;3033542;0;3033542;0;0;0
16.233.389/0001-55;2025-12-31;1;CVLB BRASIL S.A EM RECUPERAÇÃO JUDICAL;163627024;0;163627024;0;0;0
16.234.171/0001-15;2025-12-31;1;METANOR SA METANOL DO NE;97768099;196571002;294339101;0;0;0
16.404.287/0001-55;2025-12-31;1;SUZANO S.A.;1264117615;0;1264117615;28208827;0;28208827
16.590.234/0001-76;2025-12-31;1;AZZAS 2154 S.A.;206489813;0;206489813;4564391;0;4564391
16.614.075/0001-00;2025-12-31;1;DIRECIONAL ENGENHARIA S.A.;520500000;0;520500000;1538328;0;1538328
16.670.085/0001-55;2025-12-31;1;LOCALIZA RENT A CAR S.A.;1082620720;41638625;1124259345;28136325;1082149;29218474
16.676.520/0001-59;2025-12-31;2;HOSPITAL MATER DEI S.A.;333548825;0;333548825;1422400;0;1422400
16.811.931/0001-00;2025-12-31;1;ALPHAVILLE S.A.;195330061;0;195330061;295;0;295
16.922.038/0001-51;2025-12-31;1;ENJOEI S.A.;205017;0;205017;0;0;0
17.155.730/0001-64;2025-12-31;1;CIA ENERGETICA DE MINAS GERAIS - CEMIG;956602;1905180;2861782;0;1100;1100
17.159.005/0001-64;2025-12-31;1;FIACAO E TECELAGEM SAO JOSE SA EM RECUPERACAO JUDICIAL;4500;9000;13500;948;0;948
17.159.229/0001-76;2025-12-31;1;LABORATÓRIO TEUTO BRASILEIRO S.A.;54655555;0;54655555;0;0;0
17.161.241/0001-15;2025-12-31;1;MINASMAQUINAS S.A.;20;17;37;0;0;0
17.162.082/0001-73;2025-12-31;1;MENDES JUNIOR ENGENHARIA S.A.;6976765;3332623;10309388;0;0;0
17.167.396/0001-69;2025-12-31;1;ALFA HOLDINGS S.A.;46011632;38670637;84682269;0;0;0
17.184.037/0001-10;2025-12-31;1;BCO MERCANTIL DO BRASIL S.A.;65156;39676;104832;0;349;349
17.234.244/0001-31;2025-12-31;1;FTL - FERROVIA TRANSNORDESTINA LOGÍSTICA S.A.;550871212;0;550871212;0;0;0
17.245.234/0001-00;2025-12-31;1;CIA FIACAO TECIDOS CEDRO CACHOEIRA;5707104;4304063;10011167;0;0;0
17.281.106/0001-03;2025-12-31;1;CIA SANEAMENTO DE MINAS GERAIS-COPASA MG;380253;0;380253;1072;0;1072
17.314.329/0001-20;2025-12-31;1;INTERNATIONAL MEAL COMPANY ALIMENTACAO S.A.;2863695300;2863695300;5727390600;9265000;9265000;18530000
17.344.597/0001-94;2025-12-31;1;BB SEGURIDADE PARTICIPAÇÕES S.A.;2000000000;0;2000000000;58785091;0;58785091
17.359.233/0001-88;2025-12-31;1;TECIDOS E ARMARINHOS MIGUEL BARTOLOMEU S.A.;383000000;0;383000000;0;0;0
17.765.891/0001-70;2025-12-31;1;GRUPO SALTA EDUCAÇÃO S.A.;303640580;98348766;401989346;0;0;0
18.080.368/0001-72;2025-12-31;1;OZN HEALTH SPE S.A.;94500;0;94500;0;0;0
18.174.270/0001-84;2025-12-31;1;DOTZ S.A.;13244055;0;13244055;0;0;0
18.328.118/0001-09;2025-12-31;1;PET CENTER COMÉRCIO E PARTICIPAÇÕES S.A.;451139910;0;451139910;0;0;0
18.494.485/0001-82;2025-12-31;1;PORTO SUDESTE V.M. S.A.;171840;0;171840;0;0;0
18.572.225/0001-88;2025-12-31;1;CONCEBRA - CONCESSIONARIA DAS RODOVIAS CENTRAIS DO BRASIL;429710;0;429710;0;0;0
18.593.815/0001-97;2025-12-31;1;PRINER SERVIÇOS INDUSTRIAIS S.A.;56720757;0;56720757;0;0;0
18.903.785/0001-78;2025-12-31;1;HOLDING DO ARAGUAIA S.A.;780377;0;780377;0;0;0
19.014.221/0001-47;2025-12-31;2;CHINA THREE GORGES BRASIL ENERGIA S.A.;992653503;0;992653503;0;0;0
19.208.022/0001-70;2025-12-31;1;ECO050 CONCESSIONÁRIA DE RODOVIAS S.A.;992477;0;992477;0;0;0
19.403.252/0001-90;2025-12-31;1;EMCCAMP RESIDENCIAL S.A.;51018519;51018519;102037038;0;0;0
19.521.322/0001-04;2025-12-31;1;CONCESSIONÁRIA ROTA DO OESTE S.A.;2031810533;0;2031810533;0;0;0
19.526.748/0001-50;2025-12-31;1;COMPANHIA INDUSTRIAL CATAGUASES;144;1;145;0;0;0
19.527.586/0001-75;2025-12-31;1;COMPANHIA ENERGÉTICA SINOP S/A;2234136;0;2234136;0;0;0
19.527.639/0001-58;2025-12-31;1;ENERGISA MINAS RIO - DISTRIBUIDORA DE ENERGIA S/A;1058767;0;1058767;0;0;0
19.642.306/0001-70;2025-12-31;1;CONCESSIONÁRIA DE RODOVIA SUL-MATOGROSSENSE S.A.;1456422328;0;1456422328;0;0;0
20.247.322/0001-47;2025-12-31;1;ALLIED TECNOLOGIA S.A.;94931;0;94931;0;0;0
20.258.278/0001-70;2025-12-31;1;OUROFINO S.A.;53949006;0;53949006;181400;0;181400
20.512.706/0001-40;2025-12-31;3;VITRU EDUCAÇÃO S.A.;134172428;0;134172428;519900;0;519900
20.514.555/0001-69;2025-12-31;2;ARGO VI TRANSMISSÃO DE ENERGIA S.A.;215600280;0;215600280;0;0;0
20.514.590/0001-88;2025-12-31;2;ARGO V TRANSMISSÃO DE ENERGIA S.A.;251284711;0;251284711;0;0;0
21.110.778/0001-23;2025-12-31;1;OLIVEIRA TRUST S.A.;172280750;168869250;341150000;0;0;0
21.254.073/0001-80;2025-12-31;1;COMPANHIA ITAUNENSE ENERGIA E PARTICIPAÇÕES;7589885;0;7589885;0;0;0
21.314.559/0001-66;2025-12-31;1;MOVIDA PARTICIPACOES SA;347931466;0;347931466;8775700;0;8775700
21.389.501/0001-81;2025-12-31;1;COMPASS GÁS E ENERGIA S.A.;628487691;85702404;714190095;0;0;0
21.414.457/0001-12;2025-12-31;1;LEADS CIA. SECURITIZADORA;2080206;0;2080206;0;0;0
21.728.083/0001-00;2025-12-31;2;TRANSMISSORA JOSÉ MARIA DE MACEDO DE ELETRICIDADE S.A.;504397379;0;504397379;0;0;0
21.748.188/0001-20;2025-12-31;1;TERP GLBL BRASIL I PARTICIPAÇÕES S.A.;392336428;0;392336428;0;0;0
22.163.297/0001-49;2025-12-31;1;CONCESSIONÁRIA PONTE RIO-NITERÓI S.A. - ECOPONTE;169918;0;169918;0;0;0
22.261.473/0001-85;2025-12-31;1;COMPANHIA DE GÁS DE MINAS GERAIS - GASMIG;153471;153471;306942;0;0;0
22.266.175/0001-88;2025-12-31;1;FERTILIZANTES HERINGER S.A.;53857284;0;53857284;0;0;0
22.543.331/0001-00;2025-12-31;1;CAIXA SEGURIDADE PARTICIPAÇÕES S.A.;3000000;0;3000000;0;0;0
23.096.269/0001-19;2025-12-31;2;RIO PARANA ENERGIA S.A.;7014326211;0;7014326211;0;0;0
23.236.821/0001-27;2025-12-31;1;PATRIMAR ENGENHARIA S.A.;56026;0;56026;0;0;0
23.373.000/0001-32;2025-12-31;1;VAMOS LOCAÇÃO DE CAMINHÕES, MÁQUINAS E EQUIPAMENTOS S.A.;1081032537;0;1081032537;14946340;0;14946340
23.438.929/0001-00;2025-12-31;1;ALARES INTERNET PARTICIPAÇÕES S/A;358978;0;358978;0;0;0
23.994.857/0001-70;2025-12-31;1;ATOM EDUCAÇÃO E EDITORA S.A.;23804;0;23804;1318;0;1318
24.230.275/0001-80;2025-12-31;2;PLANO & PLANO DESENVOLVIMENTO IMOBILIÁRIO S.A.;203901000;0;203901000;991220;0;991220
24.396.489/0001-20;2025-12-31;1;BRK AMBIENTAL PARTICIPAÇÕES S.A.;2646299065;0;2646299065;0;0;0
24.624.490/0001-65;2025-12-31;2;ARGO TRANSMISSÃO DE ENERGIA S/A;499811000;0;499811000;0;0;0
24.624.551/0001-94;2025-12-31;3;ARGO ENERGIA EMPREENDIMENTOS E PARTICIPAÇÕES S/A;2131350;0;2131350;0;0;0
24.921.465/0001-43;2025-12-31;2;BLUEFIT ACADEMIAS DE GINÁSTICA E PARTICIPAÇÕES S.A.;134775745;0;134775745;0;0;0
24.962.466/0001-36;2025-12-31;1;RUMO MALHA NORTE S.A.;1107698070;81714293;1189412363;0;0;0
24.990.777/0001-09;2025-12-31;1;GRUPO MATEUS S.A.;2248469834;0;2248469834;3644947;0;3644947
25.249.439/0001-83;2025-12-31;1;HOSPITAL CARE CALEDONIA S.A.;129351918;42796005;172147923;3873509;0;3873509
25.369.840/0001-57;2025-12-31;1;COMERC ENERGIA S.A.;608183269;0;608183269;0;0;0
26.345.998/0001-50;2025-12-31;1;ECONOMATICA S.A.;40021;0;40021;388;0;388
26.462.693/0001-28;2025-12-31;1;LAVVI EMPREENDIMENTOS IMOBILIÁRIOS S.A.;195434352;0;195434352;0;0;0
26.609.050/0001-64;2025-12-31;1;TRAVESSIA SECURITIZADORA S.A.;237677;0;237677;0;0;0
26.659.061/0001-59;2025-12-31;1;MPM CORPÓREOS S.A.;361423066;0;361423066;2343681;0;2343681
26.664.057/0001-89;2025-12-31;1;ENTREVIAS CONCESSIONÁRIA DE RODOVIAS S.A.;528628;0;528628;0;0;0
26.845.702/0001-60;2025-12-31;2;BELÉM TRANSMISSORA DE ENERGIA S.A;146857116;0;146857116;0;0;0
26.982.634/0001-80;2025-12-31;1;TURBI COMPARTILHAMENTO DE VEÍCULOS S.A.;9052;51801;60853;0;0;0
27.093.558/0001-15;2025-12-31;1;MILLS LOCAÇÃO, SERVIÇOS E LOGÍSTICA S.A.;234178;0;234178;7502;0;7502
27.137.879/0001-74;2025-12-31;1;CIA SEC DE CRÉDITOS FINANCEIROS CARTÕES CONSIGNADOS I;72;0;72;0;0;0
27.157.474/0001-06;2025-12-31;1;ÁGUAS DE TERESINA SANEAMENTO SPE S.A.;86579150;0;86579150;0;0;0
27.743.642/0001-37;2025-12-31;2;CONSTRUTORA METROCASA S.A.;15450;1545;16995;0;0;0
27.902.165/0002-96;2025-12-31;1;HIGHLINE BRASIL II INFRAESTRUTURA DE TELECOMUNICAÇÕES S.A.;3515471251;0;3515471251;0;0;0
27.967.244/0001-02;2025-12-31;1;TAPAJÓS TRANSMISSORA DE ENERGIA S.A.;171170600;0;171170600;0;0;0
28.019.100/0001-89;2025-12-31;1;VIAPAULISTA S.A.;1489050740;0;1489050740;0;0;0
28.127.603/0001-78;2025-12-31;2;BANESTES S.A. - BCO EST ESPIRITO SANTO;254107;93397;347504;0;0;0
28.152.650/0001-71;2025-12-31;1;EDP ESPIRITO SANTO DISTRIBUIÇÃO DE ENERGIA S.A.;5876012;0;5876012;0;0;0
28.195.667/0001-06;2025-12-31;1;BCO ABC BRASIL S.A.;122961704;121695153;244656857;0;3493826;3493826
28.201.130/0001-01;2025-12-31;1;ENERGISA TRANSMISSÃO DE ENERGIA S/A;2806641544;0;2806641544;0;0;0
28.367.479/0001-18;2025-12-31;1;QUANTUM PARTICIPAÇÕES S.A;266029117;0;266029117;0;0;0
28.594.234/0001-23;2025-12-31;1;AUREN ENERGIA S.A.;1050378;0;1050378;5850;0;5850
28.925.264/0001-75;2025-12-31;1;COMPANHIA ENERGÉTICA JAGUARA;875448805;0;875448805;0;0;0
28.942.127/0001-49;2025-12-31;1;COMPANHIA ENERGÉTICA MIRANDA;590713140;0;590713140;0;0;0
29.780.061/0001-09;2025-12-31;1;SAO CARLOS EMPREEND E PARTICIPACOES S.A.;57737;0;57737;535;0;535
29.884.545/0001-90;2025-12-31;1;ECORIOMINAS CONCESSIONÁRIA DE RODOVIAS S.A.;903706;0;903706;0;0;0
29.980.141/0001-08;2025-12-31;1;OCEÂNICA ENGENHARIA E CONSULTORIA S.A.;30000000;0;30000000;0;0;0
30.213.493/0001-09;2025-12-31;1;TEGRA INCORPORADORA S.A.;334150965;0;334150965;0;0;0
30.306.294/0001-45;2025-12-31;2;BCO BTG PACTUAL S.A.;7298813414;4371250052;11670063466;27469600;54939200;82408800
30.540.991/0001-66;2025-12-31;1;HAGA S.A. INDUSTRIA E COMERCIO;3966667;7933333;11900000;0;0;0
31.001.230/0001-07;2025-12-31;1;CELEO REDES TRANSMISSÃO DE ENERGIA S.A.;85600;0;85600;0;0;0
31.468.139/0001-98;2025-12-31;1;CASA DE PEDRA SECURITIZADORA DE CREDITO S/A;20;0;20;0;0;0
31.553.627/0001-01;2025-12-31;2;GRUPO TOKY S.A. - EM RECUPERAÇÃO JUDICIAL;216786;0;216786;0;0;0
31.748.174/0001-60;2025-12-31;1;VERO S.A.;156934120;0;156934120;0;0;0
32.021.201/0001-61;2025-12-31;1;ORIGEM ENERGIA S.A.;911643460;0;911643460;0;0;0
32.161.500/0001-00;2025-12-31;1;CONCESSIONÁRIA DAS RODOVIAS INTEGRADAS DO SUL S.A.;1408456196;0;1408456196;0;0;0
32.431.519/0001-10;2025-12-31;1;HÉLIO VALGAS SOLAR PARTICIPAÇÕES S.A.;594000000;0;594000000;0;0;0
32.681.371/0001-72;2025-12-31;1;VIX LOGÍSTICA S.A.;88706331;0;88706331;0;0;0
33.000.167/0001-01;2025-12-31;1;PETROLEO BRASILEIRO S.A. PETROBRAS;7442231382;5446501379;12888732761;0;0;0
33.035.536/0001-00;2025-12-31;1;JOAO FORTES ENGENHARIA S.A. - EM RECUPERAÇÃO JUDICIAL;12802745;0;12802745;0;0;0
33.040.601/0001-87;2025-12-31;1;MERCANTIL FINANCEIRA S.A. - SOC. CRÉDITO, FINANC E INVESTIME;24081;16914;40995;0;0;0
33.041.260/0652-90;2025-12-31;1;GRUPO CASAS BAHIA S.A.;653878;0;653878;15;0;15
33.042.730/0001-04;2025-12-31;1;CIA SIDERURGICA NACIONAL;1326093947;0;1326093947;0;0;0
33.050.071/0001-58;2025-12-31;1;AMPLA ENERGIA E SERVICOS S.A.;453224;0;453224;0;0;0
33.050.196/0001-88;2025-12-31;1;CIA PAULISTA DE FORCA E LUZ;880653030;0;880653030;1;0;1
33.113.309/0001-47;2025-12-31;3;VALID SOLUÇÕES S.A.;81836375;0;81836375;3376430;0;3376430
33.200.049/0001-47;2025-12-31;1;HOTEIS OTHON S.A. - EM RECUPERAÇÃO JUDICIAL;10478;7894;18372;0;0;0
33.228.024/0001-51;2025-12-31;1;WLM PART. E COMÉRCIO DE MÁQUINAS E VEÍCULOS S.A.;16571220;19843450;36414670;0;0;0
33.256.439/0001-39;2025-12-31;1;ULTRAPAR PARTICIPACOES S.A.;1115849873;0;1115849873;28542005;0;28542005
33.352.394/0001-04;2025-12-31;1;CIA ESTADUAL DE ÁGUAS E ESGOTOS - CEDAE;629071608;0;629071608;0;0;0
33.376.989/0001-91;2025-12-31;3;IRB - BRASIL RESSEGUROS S.A.;81842886;1;81842887;220000;0;220000
33.386.210/0001-19;2025-12-31;1;SONDOTECNICA ENGENHARIA SOLOS S.A.;856;1602;2458;0;27;27
33.453.598/0001-23;2025-03-31;1;RAÍZEN S.A.;8993572584;1358936900;10352509484;0;18263674;18263674
33.467.572/0001-34;2025-12-31;1;TEKNO S.A. - INDUSTRIA E COMERCIO;1587;1360;2947;0;0;0
33.541.368/0001-16;2025-12-31;1;AXIA ENERGIA NORDESTE S.A.;54151;1754;55905;0;219;219
33.572.408/0001-97;2025-12-31;1;RUMO MALHA CENTRAL S.A.;4470908744;0;4470908744;0;0;0
33.592.510/0001-54;2025-12-31;2;VALE S.A.;4539007;0;4539007;270228;0;270228
33.611.500/0001-19;2025-12-31;1;GERDAU S.A.;717782619;1283097330;2000879949;418800;25317258;25736058
33.839.910/0001-11;2025-12-31;1;VIVARA PARTICIPAÇÕES S.A.;236197769;0;236197769;1125955;0;1125955
33.938.119/0001-69;2025-12-31;1;CIA DISTRIB DE GAS DO RIO DE JANEIRO-CEG;259638;0;259638;12206;0;12206
33.958.695/0001-78;2025-12-31;1;UNIPAR CARBOCLORO S.A.;39059883;74113382;113173265;74500;1476612;1551112
34.169.557/0001-72;2025-12-31;1;BCO MERCANTIL DE INVESTIMENTOS S.A.;4115;710;4825;0;0;0
34.274.233/0001-02;2025-12-31;1;VIBRA ENERGIA S/A;1198000;0;1198000;6026;0;6026
35.522.178/0001-87;2025-12-31;1;CIA SECURITIZADORA DE CRED. FIN. CARTÕES CONSIGNADOS II;10;0;10;0;0;0
35.593.905/0001-05;2025-12-31;1;CONCESSIONÁRIA ECOVIAS DO CERRADO S.A.;819407;0;819407;0;0;0
35.654.688/0001-08;2025-12-31;1;AUTOMOB PARTICIPAÇÕES S.A.;37886057;0;37886057;0;0;0
35.727.157/0001-06;2025-12-31;1;EZ INC INCORPORAÇÕES S.A.;200000;0;200000;0;0;0
35.764.708/0001-01;2025-12-31;1;BRASIL TECNOLOGIA E PARTICIPAÇÕES S.A.;155398600;30181529;185580129;0;0;0
35.791.391/0001-94;2025-12-31;1;QUALITY SOFTWARE S.A.;861605;0;861605;0;0;0
35.822.503/0001-27;2025-12-31;3;INSPIRALI EDUCAÇÃO S.A.;360771409;0;360771409;70;0;70
35.980.592/0001-30;2025-12-31;1;ELEA DIGITAL INFRAESTRUTURA E REDES DE TELECOMUNICAÇÕES S.A.;74720161;0;74720161;0;0;0
36.146.575/0001-64;2025-12-31;1;EIXO SP CONCESSIONÁRIA DE RODOVIAS S.A.;1177584;0;1177584;0;0;0
36.542.025/0001-64;2025-12-31;1;BRQ SOLUCOES EM INFORMATICA S.A.;133186083;0;133186083;1415867;0;1415867
36.763.716/0001-98;2025-12-31;1;CONCESSIONÁRIA CATARINENSE DE RODOVIAS S.A.;991031991;0;991031991;0;0;0
37.663.076/0001-07;2025-12-31;1;AUREN PARTICIPAÇÕES S.A.;943770;0;943770;3;0;3
37.702.340/0001-74;2025-12-31;1;AUSTRAVIAS S.A.;143961479;0;143961479;0;0;0
38.042.694/0001-00;2025-12-31;1;TRAVESSIA SECURITIZADORA DE CRÉDITOS FINANCEIROS S.A.;500;0;500;0;0;0
38.199.406/0001-18;2025-12-31;1;RIO ALTO ENERGIAS RENOVÁVEIS S.A.;46151;0;46151;0;0;0
38.286.323/0001-66;2025-12-31;1;ASSURUÁ 4 E 5 HOLDING ENERGIA S.A.;633123134;419827666;1052950800;0;0;0
38.307.135/0001-77;2025-12-31;1;G2D INVESTMENTS, LTD.;84975995;30080393;115056388;0;0;0
38.456.921/0001-36;2025-12-31;1;INFRACOMMERCE CXAAS S.A.;121258965;0;121258965;0;0;0
39.115.514/0001-28;2025-12-31;1;RUMO MALHA OESTE S.A.;40286982052;1702728436;41989710488;0;0;0
39.580.673/0001-01;2025-12-31;1;BRK AMBIENTAL - REGIÃO METROPOLITANA DE MACEIÓ S.A.;1488754772;0;1488754772;0;0;0
39.881.421/0001-04;2025-12-31;1;COMPANHIA ESTADUAL DE GERAÇÃO DE ENERGIA ELÉTRICA - CEEE-G;15926774;89064;16015838;0;0;0
40.159.947/0001-64;2025-12-31;1;HMOBI PARTICIPAÇÕES S.A.;1834130255;0;1834130255;0;0;0
40.263.170/0001-83;2025-12-31;1;SOLVI ESSENCIS AMBIENTAL S.A.;281382075;0;281382075;0;0;0
40.337.136/0001-06;2025-12-31;1;TERRA SANTA PROPRIEDADES AGRÍCOLAS S.A.;96227;0;96227;20;0;20
40.593.395/0001-06;2025-12-31;1;IFIN PARTICIPAÇÕES S.A.;1000;0;1000;0;0;0
40.997.635/0001-20;2025-12-31;1;TRV XLIII SECURITIZADORA DE CREDITOS MERCANTIS S.A.;500;0;500;0;0;0
41.052.420/0001-07;2025-12-31;2;SOLAR BEBIDAS S.A.;1190097985;1140951274;2331049259;0;0;0
41.096.674/0001-19;2025-12-31;1;CANTU STORE S.A.;161366246;75591527;236957773;0;0;0
41.508.382/0001-46;2025-12-31;1;RODOVIAS DO BRASIL HOLDING S.A.;928270206;0;928270206;0;0;0
41.570.356/0001-48;2025-12-31;3;VRENTAL LOCAÇÃO DE MÁQUINAS E EQUIPAMENTOS S.A.;437790739;0;437790739;2229629;0;2229629
41.886.692/0001-02;2025-12-31;1;CONCESSIONARIA ROTA DE SANTA MARIA S.A;310000000;0;310000000;0;0;0
42.150.391/0001-70;2025-12-31;1;BRASKEM S.A.;451668652;345539155;797207807;0;27;27
42.233.757/0001-75;2025-12-31;1;ALVAREZ & MARSAL INVESTIMENTOS I S.A.;1000;0;1000;0;0;0
42.276.907/0001-28;2025-12-31;1;VLI MULTIMODAL S.A;380101007254;0;380101007254;0;0;0
42.278.291/0001-24;2025-12-31;1;LOG-IN LOGISTICA INTERMODAL S.A.;107306486;0;107306486;1218772;0;1218772
42.278.473/0001-03;2025-12-31;1;WIZ CO PARTICIPAÇÕES E CORRETAGEM DE SEGUROS S.A.;159907282;0;159907282;0;0;0
42.292.007/0001-74;2025-12-31;1;RIO+ SANEAMENTO BL 3 S.A.;675002500;0;675002500;0;0;0
42.310.775/0001-03;2025-12-31;3;ÁGUAS DO RIO 1 SPE S.A.;753593642;0;753593642;0;0;0
42.331.462/0001-31;2025-12-31;1;EMBPAR PARTICIPAÇÕES S/A;14860;0;14860;0;0;0
42.353.180/0001-35;2025-12-31;1;IGUÁ RIO DE JANEIRO S.A.;661030;0;661030;0;0;0
42.500.384/0001-51;2025-12-31;1;SERENA ENERGIA S.A.;622730556;0;622730556;53486;0;53486
42.644.220/0001-06;2025-12-31;3;ÁGUAS DO RIO 4 SPE S.A.;951782189;0;951782189;0;0;0
42.737.954/0001-21;2025-12-31;2;INTER & CO, INC.;441321663;0;441321663;0;0;0
42.771.949/0001-35;2025-12-31;1;ALLIANÇA SAÚDE E PARTICIPAÇÕES S.A.;152359482;0;152359482;37605;0;37605
43.283.811/0001-50;2025-12-31;1;KALUNGA S.A;622139776;88643080;710782856;0;0;0
43.335.774/0001-86;2025-12-31;1;TRAVESSIA SECURITIZADORA DE CRÉDITOS MERCANTIS VI S.A.;500;0;500;0;0;0
43.470.988/0001-65;2025-12-31;1;EVEN CONSTRUTORA E INCORPORADORA S.A.;200000000;0;200000000;3979536;0;3979536
43.514.079/0001-81;2025-12-31;1;CLI SUL S.A.;543750625;0;543750625;0;0;0
43.776.517/0001-80;2025-12-31;2;CIA SANEAMENTO BASICO EST SAO PAULO;703773868;1;703773869;3554431;0;3554431
43.948.405/0001-69;2025-12-31;1;LUPO S.A.;197593686;0;197593686;0;0;0
44.067.725/0001-72;2025-12-31;1;VIA BRASIL BR 163 CONCESSIONÁRIA DE RODOVIAS S.A.;657000000;0;657000000;0;0;0
44.319.688/0001-42;2025-12-31;1;CONCESSIONÁRIA DO SISTEMA RODOVIÁRIO RIO-SÃO PAULO S.A;2034122500;0;2034122500;0;0;0
44.854.238/0001-50;2025-12-31;1;PARSAN S.A.;33333333;66666667;100000000;0;0;0
45.242.914/0001-05;2025-12-31;1;C&A MODAS S.A.;308245068;0;308245068;5330734;0;5330734
45.365.558/0001-09;2025-12-31;1;VITTIA S.A.;147314018;0;147314018;555436;0;555436
45.453.214/0001-51;2025-12-31;2;PROFARMA DISTRIB PROD FARMACEUTICOS S.A.;123813;0;123813;1202;0;1202
45.456.117/0001-12;2025-12-31;1;ÁGUAS DO SERTÃO S.A.;679000000;0;679000000;0;0;0
45.736.131/0001-70;2025-12-31;1;UNIDAS LOCADORA S.A.;3969384;0;3969384;0;0;0
45.987.245/0001-92;2025-12-31;1;BIOMA EDUCAÇÃO S.A.;26633197;0;26633197;0;0;0
46.119.855/0001-37;2025-12-31;1;SOCIEDADE ABASTECIMENTO DE ÁGUA E SANEAMENTO S.A - SANASA;660399;0;660399;30;0;30
46.568.486/0001-60;2025-12-31;1;MANTIQUEIRA HOLDING S.A.;354602494;0;354602494;0;0;0
46.573.272/0001-81;2025-12-31;1;PORTO SAÚDE PARTICIPAÇÕES S.A.;1450056509;0;1450056509;0;0;0
47.155.252/0001-53;2025-12-31;1;VIA ARAUCÁRIA CONCESSIONÁRIA DE RODOVIAS S.A.;735074;0;735074;0;0;0
47.508.411/0001-56;2025-12-31;1;CIA BRASILEIRA DE DISTRIBUICAO;490797;0;490797;160;0;160
47.509.120/0001-82;2025-12-31;1;BRADESCO LEASING S.A. ARREND MERCANTIL;24;0;24;0;0;0
47.586.663/0001-01;2025-12-31;1;NOVA SOCIEDADE DE NAVEGAÇÃO S.A.;12007;0;12007;0;0;0
47.815.827/0001-17;2025-12-31;1;CAMINHOS DA SERRA GAUCHA S/A;302310000;0;302310000;0;0;0
47.960.950/0001-21;2025-12-31;1;MAGAZINE LUIZA S.A.;775945010;0;775945010;1343449;0;1343449
48.127.008/0001-40;2025-12-31;1;CONCESSIONÁRIA RODOVIAS DO SUL DE MINAS SPE S.A.;26000000;26000000;52000000;0;0;0
48.127.012/0001-08;2025-12-31;1;CONCESSIONÁRIA RODOVIAS DO TRIÂNGULO SPE S.A.;133543076;116456924;250000000;0;0;0
48.710.127/0001-20;2025-12-31;1;SPE NOVO NORTE AEROPORTOS S.A;115250874;0;115250874;0;0;0
48.851.242/0001-15;2025-12-31;1;CONCESSIONARIA DAS RODOVIAS DO LESTE MS S/A;122000000;0;122000000;0;0;0
49.115.815/0001-05;2025-12-31;1;JBS N.V.;1109058185;0;1109058185;94537534;0;94537534
49.263.189/0001-02;2025-12-31;1;HELBOR EMPREENDIMENTOS S.A.;133851;0;133851;1157;0;1157
49.314.049/0001-08;2025-12-31;1;CONCESSIONÁRIA DE RODOVIAS NOROESTE PAULISTA S.A;265557;0;265557;0;0;0
49.669.856/0001-43;2025-12-31;1;VESTE S.A. ESTILO;114334;0;114334;0;0;0
49.703.913/0001-63;2025-12-31;1;PLATÃO CAPITAL S.A.;5;5;10;0;0;0
50.399.553/0001-37;2025-12-31;1;CONCESSIONÁRIA RODOANEL NORTE SPE S.A.;419788391;0;419788391;0;0;0
50.564.053/0001-03;2025-12-31;1;BOMBRIL S.A. - EM RECUPERAÇÃO JUDICIAL;137615317;122894461;260509778;0;0;0
50.746.577/0001-15;2025-12-31;1;COSAN S.A.;3966570932;0;3966570932;7142335;0;7142335
50.926.955/0001-42;2025-12-31;1;VULCABRAS S.A.;316502;0;316502;3869;0;3869
51.128.999/0001-90;2025-12-31;1;NUTRIPLANT INDUSTRIA E COMERCIO S.A.;13244400;0;13244400;11000;0;11000
51.136.974/0001-38;2025-12-31;1;EPR INFRAESTRUTURA PR S.A.;290690553;222559447;513250000;0;0;0
51.137.031/0001-20;2025-12-31;1;EPR LITORAL PIONEIRO S.A.;1020000000;0;1020000000;0;0;0
51.218.147/0001-93;2025-12-31;1;IGUATEMI EMPRESA DE SHOPPING CENTERS S.A;164955322;0;164955322;0;0;0
51.430.503/0001-38;2025-12-31;1;PORTO SERVIÇO S.A;1119101535;0;1119101535;0;0;0
51.466.860/0001-56;2025-03-31;1;SAO MARTINHO S.A.;332435391;0;332435391;3857600;0;3857600
51.742.485/0001-20;2025-12-31;2;CONCESSIONÁRIA RODOVIAS DO CAFÉ SPE S.A.;75325716;44674284;120000000;0;0;0
51.928.174/0001-50;2025-12-31;1;PLASCAR PARTICIPACOES INDUSTRIAIS S.A.;12425;0;12425;0;0;0
52.017.473/0001-03;2025-12-31;1;AZEVEDO & TRAVASSOS ENERGIA S.A.;339094779;0;339094779;0;0;0
52.270.350/0001-71;2025-12-31;3;B100 S.A.;5834014;0;5834014;1918;0;1918
52.475.549/0001-36;2025-12-31;1;R/HOLDINGS S.A.;101000;0;101000;0;0;0
52.548.435/0001-79;2025-12-31;1;JSL S.A.;286431078;0;286431078;1986132;0;1986132
52.805.925/0001-03;2025-12-31;1;BELORA RDVC CITY DESENVOLVIMENTO IMOBILIÁRIO S.A.;153464;0;153464;0;0;0
52.810.883/0001-07;2025-12-31;1;REVEE MCO S.A.;6633000;0;6633000;0;0;0
52.841.191/0001-18;2025-12-31;2;REVEE S.A.;120115000;0;120115000;0;0;0
53.113.791/0001-22;2025-12-31;1;TOTVS S.A.;599401581;0;599401581;11758500;0;11758500
53.153.938/0001-08;2025-12-31;1;UNIÃO PET PARTICIPAÇÕES S.A.;409653901;0;409653901;3686823;0;3686823
55.231.969/0001-65;2025-12-31;1;EPR VIA MINEIRA S.A.;348000000;0;348000000;0;0;0
56.444.250/0001-75;2025-12-31;1;HAUSCENTER SA;2327;0;2327;0;0;0
56.643.018/0001-66;2025-12-31;1;EUCATEX S.A. INDUSTRIA E COMERCIO;31258;61361;92619;5;474;479
56.720.428/0001-63;2025-12-31;2;ROMI S.A.;93170747;0;93170747;0;0;0
56.992.423/0001-90;2025-12-31;1;BICICLETAS MONARK S.A.;454750;0;454750;0;0;0
58.056.046/0001-02;2025-12-31;1;EPR IGUAÇU S.A.;334000000;0;334000000;0;0;0
58.070.452/0001-20;2025-12-31;1;IGUÁ SERGIPE S.A.;640001;0;640001;0;0;0
58.119.199/0001-51;2025-12-31;1;BRADSAÚDE S.A.;545825286;0;545825286;732100;0;732100
58.430.828/0001-60;2025-12-31;2;BLAU FARMACÊUTICA S.A.;230984962;0;230984962;2227160;0;2227160
59.105.999/0001-86;2025-12-31;1;WHIRLPOOL S.A.;1028701;474085;1502786;0;0;0
59.115.685/0001-64;2025-12-31;2;TUPI ENERGIAS RENOVÁVEIS S.A.;217436365;0;217436365;0;0;0
59.196.897/0001-13;2025-12-31;1;CONCESSIONÁRIA DE RODOVIAS PRVIAS S.A.;1117148161;0;1117148161;0;0;0
59.418.806/0001-47;2025-12-31;1;TRACK & FIELD CO S.A.;877251375;65492864;942744239;0;1730117;1730117
59.546.515/0001-34;2025-12-31;1;FISIA COMÉRCIO DE PRODUTOS ESPORTIVOS S.A.;1168847027;0;1168847027;0;0;0
59.693.110/0001-29;2025-12-31;1;ORANJEBTC S.A. - EDUCAÇÃO E INVESTIMENTO;168608200;149005540;317613740;13096200;13701500;26797700
59.717.553/0001-02;2025-12-31;1;GRUPO MULTILASER S.A.;820539225;0;820539225;13123495;0;13123495
59.789.545/0001-71;2025-12-31;1;POLPAR S.A.;102001;120000;222001;0;0;0
59.981.829/0001-65;2025-12-31;1;RODOBENS SA;711983027;528422249;1240405276;0;2489004;2489004
60.398.369/0004-79;2025-12-31;1;PARANAPANEMA S.A. - EM RECUPERAÇÃO JUDICIAL;120541596;0;120541596;1441;0;1441
60.444.437/0001-46;2025-12-31;1;LIGHT SERVICOS DE ELETRICIDADE S.A.;1234512210179;0;1234512210179;0;0;0
60.476.884/0001-87;2025-12-31;1;MAHLE METAL LEVE S.A.;135539000;0;135539000;0;0;0
60.537.263/0001-66;2025-12-31;1;ALLPARK EMPREENDIMENTOS, PARTICIPAÇÕES E SERVIÇOS S.A.;219305733;0;219305733;1420945;0;1420945
60.543.816/0001-93;2025-12-31;1;IGUATEMI S.A.;770992429;435368756;1206361185;28053;56106;84159
60.651.809/0001-05;2025-12-31;1;SUZANO HOLDING S.A.;478527;624310;1102837;0;0;0
60.665.981/0001-18;2025-12-31;1;UNIÃO QUÍMICA FARMACÊUTICA NACIONAL S.A.;591629015;0;591629015;0;0;0
60.730.348/0001-66;2025-12-31;1;CIA MELHORAMENTOS DE SAO PAULO;5631;773;6404;2;4;6
60.746.948/0001-12;2025-12-31;2;BCO BRADESCO S.A.;5303870781;5288141247;10592012028;7500000;7500000;15000000
60.840.055/0001-31;2025-12-31;1;FLEURY S.A.;547191026;0;547191026;2175555;0;2175555
60.851.615/0001-53;2025-12-31;1;BARDELLA S.A. INDUSTRIAS MECANICAS EM RECUPERAÇÃO JUDICIAL;607192;992808;1600000;0;0;0
60.872.504/0001-23;2025-12-31;2;ITAU UNIBANCO HOLDING S.A.;5617743;5409126;11026869;0;345;345
60.884.319/0001-59;2025-12-31;1;NORDON INDUSTRIAS METALURGICAS S.A.;6621;0;6621;0;0;0
60.894.730/0001-05;2025-12-31;1;USINAS SID DE MINAS GERAIS S.A.-USIMINAS;705260684;547818424;1253079108;2526656;19609792;22136448
60.933.603/0001-78;2025-12-31;1;CESP - CIA ENERGETICA DE SAO PAULO;327503;0;327503;113;0;113
61.022.042/0001-18;2025-12-31;1;CONSTRUTORA ADOLPHO LINDENBERG S.A.;6988800;0;6988800;0;0;0
61.065.298/0001-02;2025-12-31;1;MANGELS INDUSTRIAL S.A.;2067243;3715969;5783212;0;0;0
61.065.751/0001-80;2025-12-31;1;ROSSI RESIDENCIAL S.A. - EM RECUPERAÇÃO JUDICIAL;20272198;0;20272198;245081;0;245081
61.067.901/0001-95;2025-12-31;1;ÁGUAS DO PARÁ A SPE S.A;724868311;0;724868311;0;0;0
61.067.902/0001-30;2025-12-31;1;ÁGUAS DO PARÁ B SPE S.A.;466592572;0;466592572;0;0;0
61.067.904/0001-29;2025-12-31;1;ÁGUAS DO PARÁ D SPE S.A.;450046001;0;450046001;0;0;0
61.079.117/0001-05;2025-12-31;1;ALPARGATAS S.A.;339510689;343551533;683062222;32;5209466;5209498
61.080.313/0001-91;2025-12-31;1;COBRASMA S.A.;0;0;0;0;0;0
61.082.004/0001-50;2025-12-31;1;MANUFATURA DE BRINQUEDOS ESTRELA S.A.;2695;5389;8084;0;0;0
61.088.894/0001-08;2025-12-31;1;CAMBUCI S.A.;42275080;0;42275080;435507;0;435507
61.092.037/0001-81;2025-12-31;3;ETERNIT S.A.;61777;0;61777;12;0;12
61.156.113/0001-75;2025-12-31;1;IOCHPE MAXION S.A.;153720;0;153720;3950;0;3950
61.156.931/0001-78;2025-12-31;1;ALIPERTI S.A.;6250;12345;18595;0;380;380
61.186.680/0001-74;2025-12-31;1;BANCO BMG S/A;382836779;216251515;599088294;0;2601348;2601348
61.189.288/0001-89;2025-12-31;1;MARISA LOJAS S.A.;513516302;0;513516302;27551;0;27551
61.190.096/0001-92;2025-12-31;1;EUROFARMA LABORATÓRIOS S.A.;989212309;0;989212309;0;0;0
61.351.532/0001-68;2025-12-31;1;AZEVEDO E TRAVASSOS S.A.;201978758;390776842;592755600;0;0;0
61.374.161/0001-30;2025-12-31;1;BAUMER S.A.;4900000;4900000;9800000;11890;3600;15490
61.409.892/0001-73;2025-12-31;1;COMPANHIA BRASILEIRA DE ALUMÍNIO;651073;0;651073;0;0;0
61.486.650/0001-83;2025-12-31;1;DIAGNOSTICOS DA AMERICA S.A.;1255007048;0;1255007048;5232506;0;5232506
61.532.644/0001-15;2025-12-31;1;ITAÚSA S.A.;3853634;7360053;11213687;0;2340;2340
61.584.140/0001-49;2025-12-31;1;REDE ENERGIA PARTICIPAÇÕES S.A.;2568204239;0;2568204239;0;0;0
61.585.865/0001-51;2025-12-31;1;RAIA DROGASIL S.A.;1752367344;0;1752367344;5103450;0;5103450
61.695.227/0001-93;2025-12-31;1;ELETROPAULO METROP. ELET. SAO PAULO S.A.;299075;0;299075;0;0;0
61.856.571/0001-17;2025-12-31;1;CIA GAS DE SAO PAULO - COMGAS;103862768;28657819;132520587;0;0;0
62.002.886/0001-60;2025-12-31;1;SAO PAULO TURISMO S.A.;8407;135;8542;0;1;1
62.070.362/0001-06;2025-12-31;1;COMPANHIA DO METROPOLITANO DE SÃO PAULO - METRÔ;11307;0;11307;0;0;0
62.144.175/0001-20;2025-12-31;3;BCO PINE S.A;119162783;113288564;232451347;0;823248;823248
62.232.889/0001-90;2025-12-31;2;BCO DAYCOVAL S.A.;1863693299;798725701;2662419000;0;0;0
62.258.884/0001-36;2025-12-31;1;INTERCEMENT BRASIL S.A. - EM RECUPERAÇÃO JUDICIAL;411597545;0;411597545;0;0;0
62.307.848/0001-15;2025-12-31;1;BANCO RCI BRASIL S.A.;202512;201941;404453;0;0;0
62.984.091/0001-02;2025-12-31;1;CRUZEIRO DO SUL EDUCACIONAL S.A.;364542552;0;364542552;0;0;0
64.904.295/0001-03;2025-02-28;1;CAMIL ALIMENTOS S.A.;350000000;0;350000000;8928768;0;8928768
65.654.303/0001-73;2025-12-31;1;DIBENS LEASING S.A. - ARREND.MERCANTIL;2215856;0;2215856;0;0;0
67.010.660/0001-24;2025-12-31;1;RNI NEGÓCIOS IMOBILIÁRIOS S.A.;43770;0;43770;1567;0;1567
67.571.414/0001-41;2025-12-31;3;VIVER INCORPORADORA E CONSTRUTORA S.A.;48764066;0;48764066;0;0;0
67.620.377/0001-14;2025-12-31;1;MINERVA S.A.;1000296097;0;1000296097;14887274;0;14887274
71.208.516/0001-74;2025-12-31;1;ALGAR TELECOM S/A;295020;0;295020;573;0;573
71.476.527/0001-35;2025-12-31;1;CONSTRUTORA TENDA S.A.;122578;0;122578;1396;0;1396
71.673.990/0001-77;2025-12-31;1;NATURA COSMÉTICOS S.A.;1773371;0;1773371;385;0;385
73.178.600/0001-18;2025-12-31;1;CYRELA BRAZIL REALTY S.A.EMPREEND E PART;384000;0;384000;17689;0;17689
73.903.718/0001-61;2025-12-31;1;SNB PARTICIPACOES SA;2902487;0;2902487;0;0;0
75.609.123/0001-23;2025-12-31;1;UNIDAS LOCAÇÕES E SERVIÇOS S.A.;2315555571;0;2315555571;1458675998;0;1458675998
76.483.817/0001-20;2025-12-31;1;CIA PARANAENSE DE ENERGIA - COPEL;2982810590;1;2982810591;12740266;0;12740266
76.484.013/0001-45;2025-12-31;1;CIA SANEAMENTO DO PARANA - SANEPAR;503735259;1007470260;1511205519;0;0;0
76.627.504/0001-06;2025-12-31;1;INEPAR S.A. INDUSTRIA E CONSTRUCOES EM RECUPERACAO JUDICIAL;36324;12627;48951;0;0;0
79.430.682/0001-22;2025-12-31;1;FARMÁCIA E DROGARIA NISSEI S.A.;200000;0;200000;0;0;0
80.680.093/0001-81;2025-12-31;1;SENIOR SISTEMAS S.A.;1269683;0;1269683;21560;0;21560
81.243.735/0001-48;2025-12-31;1;POSITIVO TECNOLOGIA S.A.;141800;0;141800;2589;0;2589
81.616.807/0001-55;2025-12-31;1;GRANJA FARIA S.A.;14945789847;0;14945789847;0;0;0
82.120.676/0001-83;2025-12-31;1;ALMEIDA JUNIOR SHOPPING CENTERS S.A.;179338983;0;179338983;0;0;0
82.508.433/0001-17;2025-12-31;2;CIA CATARINENSE DE AGUAS E SANEAM.-CASAN;592975802;601851675;1194827477;0;0;0
82.636.986/0001-55;2025-12-31;2;TEKA-TECELAGEM KUEHNRICH S.A. - EM RECUPERAÇÃO JUDICIAL;168;335;503;0;0;0
82.640.558/0001-04;2025-12-31;1;KARSTEN S.A.;2878;3327;6205;0;0;0
82.643.537/0001-34;2025-12-31;1;ELECTRO ACO ALTONA S.A.;12750;9750;22500;0;0;0
82.901.000/0001-27;2025-12-31;1;INTELBRAS S.A. IND. DE TELECOMUNICAÇÃO ELETRÔNICA BRASILEIRA;327611110;0;327611110;329500;0;329500
82.981.929/0001-03;2025-12-31;1;CIA INDUSTRIAL SCHLOSSER S.A.;480;480;960;460;460;920
82.982.075/0001-80;2025-12-31;1;TEXTIL RENAUXVIEW S.A.;1456;2803;4259;0;0;0
83.475.913/0001-91;2025-12-31;1;PBG S/A;140987;0;140987;0;0;0
83.878.892/0001-55;2025-12-31;1;CENTRAIS ELET DE SANTA CATARINA S.A.;15527;23044;38571;0;0;0
84.429.695/0001-11;2025-12-31;1;WEG S.A.;4197317998;0;4197317998;1622025;0;1622025
84.683.374/0001-49;2025-12-31;1;TUPY S.A.;132450;0;132450;1373;0;1373
84.683.408/0001-03;2025-12-31;1;DOHLER S.A.;54467820;21177465;75645285;0;443193;443193
84.683.671/0001-94;2025-12-31;1;WETZEL S.A.;686;1372;2058;0;0;0
84.684.455/0001-63;2025-12-31;1;TIGRE S.A. PARTICIPAÇÕES;15150731;87539;15238270;0;63092;63092
84.693.183/0001-68;2025-12-31;1;SCHULZ S.A.;152692764;204682016;357374780;3141;817420;820561
85.778.074/0001-06;2025-12-31;1;METALURGICA RIOSULENSE S.A.;3576903;2495225;6072128;0;0;0
86.375.425/0001-09;2025-12-31;1;METISA METALURGICA TIMBOENSE S.A.;4212530;4577200;8789730;0;249800;249800
87.043.832/0001-73;2025-12-31;1;SEIVA S.A. - FLORESTAS E INDÚSTRIAS;8573186;10491038;19064224;0;0;0
87.456.562/0001-22;2025-12-31;1;JOSAPAR-JOAQUIM OLIVEIRA S.A. - PARTICIP;10451;131;10582;0;0;0
87.762.563/0001-03;2025-12-31;1;CIA HABITASUL DE PARTICIPACOES;3152764;5980923;9133687;0;0;0
87.870.952/0001-44;2025-12-31;1;BORRACHAS VIPAL S.A.;234207;0;234207;0;0;0
88.610.126/0001-29;2025-12-31;1;FRASLE MOBILITY S.A.;277335;0;277335;3000;0;3000
88.610.191/0001-54;2025-12-31;1;MUNDIAL S.A. - PRODUTOS DE CONSUMO;9921040;0;9921040;3064;0;3064
88.611.835/0001-29;2025-12-31;1;MARCOPOLO S.A.;450945982;798952621;1249898603;0;9306656;9306656
88.613.658/0001-10;2025-06-30;1;PETTENATI S.A. INDUSTRIA TEXTIL;16016924;32029564;48046488;0;0;0
89.086.144/0001-16;2025-12-31;1;RANDONCORP S.A.;223882733;125841938;349724671;0;1036900;1036900
89.096.457/0001-55;2025-12-31;1;SLC AGRICOLA S.A.;498745930;0;498745930;1925172;0;1925172
89.463.822/0001-12;2025-12-31;1;LUPATECH S.A;46687694;0;46687694;0;0;0
89.637.490/0001-45;2025-12-31;1;KLABIN S.A.;2312800469;3928678381;6241478850;21208284;84842901;106051185
89.723.993/0001-33;2025-12-31;1;CONSTRUTORA SULTEPA S.A. - EM RECUPERAÇÃO JUDICIAL;7490;5110;12600;0;0;0
89.850.341/0001-60;2025-12-31;1;GRENDENE S.A.;902160;0;902160;0;0;0
90.076.886/0001-40;2025-12-31;1;MINUPAR PARTICIPACOES S.A.;71001;0;71001;0;0;0
90.400.888/0001-42;2025-12-31;2;BCO SANTANDER (BRASIL) S.A.;3818695;3679836;7498531;13666;13665;27331
90.441.460/0001-48;2025-12-31;1;UNICASA INDÚSTRIA DE MÓVEIS S.A.;66086364;0;66086364;0;0;0
91.333.666/0001-17;2025-12-31;2;RECRUSUL S.A.;10663;21158;31821;0;0;0
91.983.056/0001-69;2025-12-31;1;KEPLER WEBER S.A.;179720;0;179720;6388;0;6388
92.012.467/0001-70;2025-12-31;1;GRAZZIOTIN S.A.;10007950;13949369;23957319;70284;343317;413601
92.660.570/0001-26;2025-12-31;1;TREVISA INVESTIMENTOS S.A.;18384;23184;41568;0;0;0
92.665.611/0001-77;2025-12-31;1;DIMED S.A. DISTRIBUIDORA DE MEDICAMENTOS;150377481;0;150377481;1692866;0;1692866
92.690.783/0001-09;2025-12-31;1;METALURGICA GERDAU S.A.;486802764;838105184;1324907948;959;1724;2683
92.693.019/0001-89;2025-12-31;1;PANATLANTICA S.A.;22907;1025;23932;0;0;0
92.702.067/0001-96;2025-12-31;1;BANCO DO ESTADO DO RIO GRANDE DO SUL SA;205065;203909;408974;0;0;0
92.715.812/0001-31;2025-12-31;1;CPFL TRANSMISSÃO S.A.;12959953;9071967;22031920;0;0;0
92.749.225/0001-63;2025-12-31;1;HERCULES S.A. FABRICA DE TALHERES;171198;338801;509999;0;0;0
92.754.738/0001-62;2025-12-31;2;LOJAS RENNER S.A.;1006845;0;1006845;24646;0;24646
92.781.335/0001-02;2025-12-31;1;TAURUS ARMAS S.A.;51089845;88208032;139297877;0;98273;98273
92.791.243/0001-03;2025-12-31;1;IRANI PAPEL E EMBALAGEM S.A.;230501;0;230501;0;0;0
92.802.784/0001-90;2025-12-31;1;CIA RIOGRANDENSE DE SANEAMENTO;4786604;82393289;87179893;0;0;0
93.828.986/0001-73;2025-12-31;1;CEMEPE INVESTIMENTOS S.A.;454455;464440;918895;0;0;0
94.813.102/0001-70;2025-12-31;1;TRÊS TENTOS AGROINDUSTRIAL S/A;499497647;0;499497647;17200;0;17200
95.426.862/0001-97;2025-12-31;1;EXCELSIOR ALIMENTOS S.A.;2846929;2375293;5222222;0;0;0
96.298.013/0001-68;2025-12-31;1;PACAEMBU CONSTRUTORA S.A.;130353845;0;130353845;0;0;0
96.418.264/0218-02;2025-12-31;1;LOJAS QUERO QUERO S.A.;206917;0;206917;0;0;0
97.191.902/0001-94;2025-12-31;1;CONSERVAS ODERICH S.A.;9858;1428;11286;0;0;0
97.837.181/0001-47;2025-12-31;1;DEXCO S.A.;919034;0;919034;11381;0;11381
